alg,M,seed,best_cost,energy_j,completion,wall_time_s
qipso,1,0,133508.921875,15476.326171875,0.21026206016540527,0.5943786799907684
qipso,1,1,146008.96875,16829.1484375,0.25135549902915955,0.5748053011484444
qipso,1,2,138062.46875,16641.150390625,0.2207588404417038,0.5711669563315809
qipso,1,3,145116.296875,14911.2919921875,0.18611161410808563,0.5778149841353297
qipso,1,4,151725.953125,15362.748046875,0.20553477108478546,0.5743640558794141
qipso,1,5,138634.984375,15768.357421875,0.20550262928009033,0.5749348681420088
qipso,1,6,156010.265625,15624.900390625,0.1934455931186676,0.5791222709231079
qipso,1,7,136860.90625,16351.580078125,0.2162037193775177,0.5775169292464852
qipso,1,8,150172.53125,14068.37890625,0.16576386988162994,0.5760638080537319
qipso,1,9,149875.28125,17215.197265625,0.20465333759784698,0.5796062340959907
qipso,1,10,131495.40625,17220.06640625,0.25360235571861267,0.5735777989029884
qipso,1,11,139214.953125,14853.748046875,0.2304113805294037,0.5741926482878625
qipso,1,12,140064.671875,14991.3359375,0.2262386679649353,0.5766712962649763
qipso,1,13,165220.203125,16157.2861328125,0.18698470294475555,0.5768337440676987
qipso,1,14,141633.015625,16184.8466796875,0.19096308946609497,0.5750723080709577
qipso,1,15,150913.171875,14037.2451171875,0.1881457269191742,0.5768971918150783
qipso,1,16,155038.96875,15821.81640625,0.18834422528743744,0.5743084498681128
qipso,1,17,134056.875,15162.892578125,0.20081299543380737,0.5763213559985161
qipso,1,18,151949.234375,15313.9375,0.24678052961826324,0.5710458541288972
qipso,1,19,150621.78125,15543.6171875,0.23120006918907166,0.5725918980315328
qipso,1,20,162637.4375,16301.224609375,0.1298302710056305,0.5729031269438565
qipso,1,21,157375.21875,14631.86328125,0.20662496984004974,0.5762412194162607
qipso,1,22,139904.0625,14526.6708984375,0.1992051750421524,0.5761410733684897
qipso,1,23,148652.359375,15147.7431640625,0.21649669110774994,0.576439140830189
qipso,1,24,155415.75,15696.8095703125,0.19850139319896698,0.5765725057572126
qipso,1,25,128511.9609375,15486.7021484375,0.2264128476381302,0.5753262527287006
qipso,1,26,149330.625,16891.052734375,0.12594959139823914,0.574770353268832
qipso,1,27,156708.03125,14878.349609375,0.19382238388061523,0.5777274402789772
qipso,1,28,140654.34375,16137.580078125,0.23666316270828247,0.5741342967376113
qipso,1,29,152553.96875,15465.2255859375,0.19966784119606018,0.5758677027188241
pso,1,0,134515.734375,15852.3701171875,0.20611153542995453,0.5007449281401932
pso,1,1,147729.0625,16093.041015625,0.23712092638015747,0.5000850930809975
pso,1,2,135806.0625,15442.2578125,0.22754566371440887,0.4986376967281103
pso,1,3,144672.6875,14584.5732421875,0.18684224784374237,0.49827260710299015
pso,1,4,151463.390625,15255.4140625,0.20643915235996246,0.4988781688734889
pso,1,5,139885.21875,16266.330078125,0.20063842833042145,0.4992283177562058
pso,1,6,152799.0625,14172.40625,0.2035498172044754,0.4994057039730251
pso,1,7,135516.59375,15326.41015625,0.21825973689556122,0.4974052859470248
pso,1,8,148837.78125,15019.9033203125,0.17977747321128845,0.49520937306806445
pso,1,9,148790.9375,15348.9736328125,0.19996574521064758,0.4981425399892032
pso,1,10,129344.4140625,16505.521484375,0.26298460364341736,0.49946524668484926
pso,1,11,140537.578125,15364.6015625,0.22538787126541138,0.49692075001075864
pso,1,12,141475.609375,15229.7490234375,0.21898482739925385,0.49585531605407596
pso,1,13,164167.625,15665.8759765625,0.19005048274993896,0.49643024522811174
pso,1,14,140868.3125,15583.015625,0.19201350212097168,0.49686249904334545
pso,1,15,151444.59375,14916.73828125,0.1902102380990982,0.4968653400428593
pso,1,16,155000.03125,14968.8125,0.18359814584255219,0.49869207479059696
pso,1,17,134543.375,15939.087890625,0.20281416177749634,0.497923516202718
pso,1,18,153073.109375,15614.12109375,0.2422398030757904,0.4990268503315747
pso,1,19,150053.28125,15431.6513671875,0.23379850387573242,0.4982665739953518
pso,1,20,160937.078125,15218.3095703125,0.13350193202495575,0.49611869221553206
pso,1,21,158146.0,14551.2431640625,0.2018929123878479,0.4969539758749306
pso,1,22,139954.453125,15814.3701171875,0.20710796117782593,0.4961644522845745
pso,1,23,148652.203125,16094.4677734375,0.22205369174480438,0.4961284352466464
pso,1,24,154809.875,16278.8046875,0.20531566441059113,0.4959128173068166
pso,1,25,129232.609375,16927.353515625,0.23134076595306396,0.4951542392373085
pso,1,26,147183.203125,13750.4931640625,0.11939533799886703,0.5031294203363359
pso,1,27,156857.859375,15030.8818359375,0.19388969242572784,0.5005039293318987
pso,1,28,140940.9375,16378.763671875,0.23638473451137543,0.5024912576191127
pso,1,29,153139.46875,15878.8916015625,0.19866631925106049,0.49980267183855176
ga,1,0,154419.578125,18416.703125,0.17529423534870148,0.6746929930523038
ga,1,1,179765.46875,19084.17578125,0.22962646186351776,0.593623367138207
ga,1,2,192724.453125,19736.71484375,0.20111803710460663,0.5927360551431775
ga,1,3,217909.734375,19009.9375,0.16699504852294922,0.5959141021594405
ga,1,4,182249.65625,18500.0390625,0.18881680071353912,0.5919399010017514
ga,1,5,208039.328125,18996.787109375,0.16007688641548157,0.5969537193886936
ga,1,6,211245.140625,20718.5234375,0.17996151745319366,0.5905103581026196
ga,1,7,173285.0,19514.240234375,0.18961067497730255,0.5907523627392948
ga,1,8,212933.15625,20012.65234375,0.15170828998088837,0.5905987271107733
ga,1,9,187174.28125,19650.2890625,0.1916036158800125,0.5881039639934897
ga,1,10,145709.84375,18379.08984375,0.2419113963842392,0.5886047892272472
ga,1,11,198145.765625,19060.837890625,0.2125919908285141,0.5882851690985262
ga,1,12,197089.140625,19549.875,0.18761225044727325,0.5903853098861873
ga,1,13,191520.984375,18598.583984375,0.17939022183418274,0.5881833420135081
ga,1,14,174790.984375,18853.296875,0.19217167794704437,0.592155871912837
ga,1,15,239044.828125,21339.099609375,0.17712417244911194,0.5889539932832122
ga,1,16,228575.40625,19242.77734375,0.16223983466625214,0.5893910438753664
ga,1,17,185379.953125,18904.4140625,0.17322692275047302,0.5961748887784779
ga,1,18,187363.6875,19477.04296875,0.23292066156864166,0.5921385060064495
ga,1,19,186507.40625,18877.546875,0.22111725807189941,0.596225880086422
ga,1,20,180467.265625,18724.6484375,0.11257573962211609,0.5942528750747442
ga,1,21,211072.59375,20287.693359375,0.1862078607082367,0.5927678621374071
ga,1,22,211938.90625,19774.408203125,0.18987531960010529,0.5951673407107592
ga,1,23,237830.125,19909.841796875,0.2192382961511612,0.5959673831239343
ga,1,24,180179.4375,18251.38671875,0.19109685719013214,0.5915128872729838
ga,1,25,136908.6875,17903.015625,0.22126799821853638,0.5913349390029907
ga,1,26,255279.3125,20852.744140625,0.12095355242490768,0.5888986508361995
ga,1,27,208737.28125,19975.65625,0.17850308120250702,0.5894971042871475
ga,1,28,185627.5,20102.17578125,0.21929053962230682,0.5874311053194106
ga,1,29,209438.625,19923.826171875,0.1893230676651001,0.5949497246183455
de,1,0,133527.1875,14815.21875,0.2057165950536728,0.5409365808591247
de,1,1,147194.234375,14670.81640625,0.23197801411151886,0.5390386870130897
de,1,2,136314.921875,14110.7763671875,0.21573491394519806,0.5452708941884339
de,1,3,143952.375,14249.94140625,0.1892530769109726,0.5339736258611083
de,1,4,152525.65625,14367.5693359375,0.1950775384902954,0.5395293557085097
de,1,5,140562.8125,14534.876953125,0.18506057560443878,0.5345063409768045
de,1,6,154268.59375,13941.861328125,0.1937824785709381,0.539282537996769
de,1,7,135593.59375,15200.4306640625,0.21693949401378632,0.5335857169702649
de,1,8,150771.171875,14652.615234375,0.1656755954027176,0.5364099321886897
de,1,9,146843.96875,13524.09375,0.20069772005081177,0.5345887108705938
de,1,10,127715.265625,13503.677734375,0.25401875376701355,0.5370557061396539
de,1,11,137875.09375,14281.2138671875,0.23515987396240234,0.5384546141140163
de,1,12,140394.65625,14316.5546875,0.22002258896827698,0.5349801350384951
de,1,13,162562.984375,13710.5009765625,0.18813233077526093,0.5382536719553173
de,1,14,138613.328125,14798.65625,0.20149777829647064,0.5398971759714186
de,1,15,151926.65625,14353.8134765625,0.18401211500167847,0.5373430103063583
de,1,16,155022.484375,13578.3212890625,0.1753605306148529,0.5401644809171557
de,1,17,132987.28125,14492.7197265625,0.20349788665771484,0.5384751381352544
de,1,18,151070.46875,14990.837890625,0.24984370172023773,0.5387378470040858
de,1,19,147783.03125,14695.89453125,0.24253202974796295,0.5381004721857607
de,1,20,159654.640625,14103.2236328125,0.13449698686599731,0.5373574621044099
de,1,21,159614.5625,13878.5966796875,0.18999186158180237,0.5439707138575613
de,1,22,138934.90625,14254.701171875,0.20365814864635468,0.5350472792051733
de,1,23,146671.1875,14854.8125,0.2264045625925064,0.5387876159511507
de,1,24,156067.796875,14721.958984375,0.18916858732700348,0.539326760917902
de,1,25,126469.375,14579.0732421875,0.23418086767196655,0.5418214700184762
de,1,26,146557.359375,13859.48828125,0.12424490600824356,0.5413771467283368
de,1,27,156069.796875,14410.59765625,0.19479148089885712,0.5390434879809618
de,1,28,139568.890625,14997.431640625,0.2363695651292801,0.5411616661585867
de,1,29,151731.796875,14333.53515625,0.1978609561920166,0.5365623231045902
qipso,2,0,1114374.875,43736.1953125,0.20371009409427643,0.6837553242221475
qipso,2,1,834685.0,43514.71875,0.24911130964756012,0.6886573918163776
qipso,2,2,903914.9375,44090.625,0.25651219487190247,0.689222983084619
qipso,2,3,747977.125,42048.12890625,0.17477776110172272,0.6878473022952676
qipso,2,4,796127.0,42001.71875,0.21719646453857422,0.6801499580033123
qipso,2,5,787942.25,44657.515625,0.18388999998569489,0.6821538037620485
qipso,2,6,881415.5,44262.08203125,0.20780479907989502,0.6840208107605577
qipso,2,7,1353095.375,44988.83203125,0.19878292083740234,0.6839038301259279
qipso,2,8,805176.625,40968.43359375,0.21263322234153748,0.6833645640872419
qipso,2,9,699786.5,40748.6171875,0.25551000237464905,0.680265593342483
qipso,2,10,721013.5,43179.3828125,0.26667502522468567,0.6886816187761724
qipso,2,11,1072140.5,44677.6015625,0.25558915734291077,0.6832634210586548
qipso,2,12,983818.375,42394.31640625,0.23677189648151398,0.6860663280822337
qipso,2,13,1119396.0,43981.23046875,0.20769570767879486,0.6798250558786094
qipso,2,14,909173.625,42042.140625,0.20949354767799377,0.6809280258603394
qipso,2,15,991285.5,41844.0078125,0.2183966189622879,0.6761174662970006
qipso,2,16,876642.5,42277.2890625,0.18025602400302887,0.6817659679800272
qipso,2,17,1040390.5,44543.6640625,0.20487608015537262,0.6809013029560447
qipso,2,18,857308.125,43070.828125,0.2191256731748581,0.6804321259260178
qipso,2,19,866118.0,42053.80078125,0.21256238222122192,0.6806199070997536
qipso,2,20,936040.9375,42417.08203125,0.1708310842514038,0.6799873881973326
qipso,2,21,756234.8125,41558.7421875,0.20461484789848328,0.677903211209923
qipso,2,22,693206.75,41810.5078125,0.2542809545993805,0.6866364432498813
qipso,2,23,774014.625,41539.6796875,0.23148824274539948,0.7033574772067368
qipso,2,24,990530.6875,40995.1484375,0.22940829396247864,0.7042918158695102
qipso,2,25,900432.0625,43025.15625,0.21866831183433533,0.6983748963102698
qipso,2,26,1076358.5,42736.2890625,0.1514948457479477,0.7064506621100008
qipso,2,27,946408.375,44468.8203125,0.25446388125419617,0.7089948896318674
qipso,2,28,877761.25,43678.2890625,0.21063925325870514,0.7068928331136703
qipso,2,29,841596.25,42668.6796875,0.2541138529777527,0.6953283622860909
pso,2,0,923475.0,43155.1953125,0.1887497454881668,0.6260625552386045
pso,2,1,1072450.25,42071.3984375,0.22899414598941803,0.6229852717369795
pso,2,2,826295.4375,40398.12109375,0.2572428286075592,0.612805285025388
pso,2,3,877529.5625,43917.0078125,0.1659902185201645,0.6234951056540012
pso,2,4,938594.25,42775.80859375,0.20821654796600342,0.6165980487130582
pso,2,5,898717.25,41841.83203125,0.1945401430130005,0.6223215200006962
pso,2,6,1324364.875,41185.01171875,0.2058941125869751,0.6195929553359747
pso,2,7,2013195.5,44010.24609375,0.18826337158679962,0.6146582248620689
pso,2,8,682152.5625,42101.94140625,0.2039324790239334,0.6179006160236895
pso,2,9,795256.5,40676.0703125,0.2639659345149994,0.6153480680659413
pso,2,10,966932.75,42111.59375,0.27112019062042236,0.6174473529681563
pso,2,11,1672611.75,45972.25,0.24774503707885742,0.6172552942298353
pso,2,12,986089.5625,41758.859375,0.2289608269929886,0.6175915501080453
pso,2,13,1474970.5,44292.54296875,0.21839547157287598,0.6179104410111904
pso,2,14,1304456.75,43411.6796875,0.20255209505558014,0.6142483470030129
pso,2,15,1593977.5,43681.6953125,0.21505612134933472,0.6119438447058201
pso,2,16,1134119.125,40543.078125,0.17584627866744995,0.6176261161454022
pso,2,17,1085895.25,42235.75,0.19774186611175537,0.6159337060526013
pso,2,18,910603.75,41938.1171875,0.22983767092227936,0.6144075389020145
pso,2,19,1150759.5,42686.00390625,0.20819273591041565,0.6187442289665341
pso,2,20,879753.125,41968.453125,0.1484299898147583,0.6174235409125686
pso,2,21,1168880.5,43173.7734375,0.20421813428401947,0.618274746928364
pso,2,22,809609.75,42650.6953125,0.2594684064388275,0.6171446768566966
pso,2,23,1067396.25,43612.546875,0.22680921852588654,0.6160422386601567
pso,2,24,1188693.375,41844.69921875,0.23136839270591736,0.6210048729553819
pso,2,25,956840.8125,42340.390625,0.23445887863636017,0.625089755281806
pso,2,26,2350591.5,45395.9375,0.14429424703121185,0.6200608401559293
pso,2,27,1236641.125,42874.46875,0.25116217136383057,0.6182236513122916
pso,2,28,1085617.5,43776.43359375,0.2217145562171936,0.6160405711270869
pso,2,29,882324.0,42264.453125,0.253670334815979,0.6238782559521496
ga,2,0,2374948.75,48413.484375,0.19730901718139648,0.7132154298014939
ga,2,1,2325374.0,47137.36328125,0.22762103378772736,0.7590508912689984
ga,2,2,1928181.5,45929.6953125,0.2613169848918915,0.7177112787030637
ga,2,3,2039204.5,45993.53515625,0.1643291562795639,0.7190595832653344
ga,2,4,2400707.5,47522.9609375,0.20934776961803436,0.7157572340220213
ga,2,5,2244214.0,46738.7578125,0.18927766382694244,0.7141703423112631
ga,2,6,2603912.75,46457.1171875,0.21238423883914948,0.7127631339244545
ga,2,7,1840141.875,46795.8125,0.20896214246749878,0.7079680259339511
ga,2,8,1903423.5,43958.54296875,0.20395994186401367,0.7043132004328072
ga,2,9,2349872.75,49756.1015625,0.2591831684112549,0.7267276835627854
ga,2,10,1965469.25,46437.3359375,0.2728102207183838,0.713542751967907
ga,2,11,1885728.5,46583.25,0.24249619245529175,0.7147680390626192
ga,2,12,1985798.75,45733.15234375,0.24196715652942657,0.7144235083833337
ga,2,13,2407468.25,48293.984375,0.2055048942565918,0.7187664438970387
ga,2,14,1666320.25,45891.43359375,0.20508481562137604,0.718324433080852
ga,2,15,2444847.75,48259.50390625,0.20648403465747833,0.7166322083212435
ga,2,16,2236505.25,46980.3984375,0.17232733964920044,0.7208156120032072
ga,2,17,2407933.5,47446.109375,0.2006969451904297,0.713181636761874
ga,2,18,1833398.75,43091.7265625,0.21317660808563232,0.7165136230178177
ga,2,19,2011465.125,47461.25,0.21723003685474396,0.7151280692778528
ga,2,20,2243641.0,44770.6484375,0.14652951061725616,0.716622494161129
ga,2,21,2076560.125,46226.19921875,0.20420923829078674,0.7177826170809567
ga,2,22,1913628.125,45365.9921875,0.25689825415611267,0.7209049114026129
ga,2,23,2573657.75,47740.07421875,0.23684656620025635,0.725389352068305
ga,2,24,2006029.5,47739.2734375,0.22576569020748138,0.7207744130864739
ga,2,25,2040446.5,44376.7109375,0.23441964387893677,0.7163512725383043
ga,2,26,2397452.5,46626.0859375,0.13908623158931732,0.7139168558642268
ga,2,27,2469725.75,48403.5546875,0.2524296045303345,0.7155263959430158
ga,2,28,2046408.0,45384.3359375,0.2102685570716858,0.7170469569973648
ga,2,29,2196469.0,46237.2890625,0.26023247838020325,0.7142274910584092
de,2,0,1420886.75,36395.953125,0.19244647026062012,0.6728033479303122
de,2,1,1286239.75,34698.15625,0.24207764863967896,0.6657787268050015
de,2,2,1029368.0625,39640.8203125,0.25161558389663696,0.6659530880860984
de,2,3,1347963.375,36693.890625,0.1705390065908432,0.6632316997274756
de,2,4,1108470.25,38244.2421875,0.19970668852329254,0.6586457509547472
de,2,5,1167471.125,35609.50390625,0.1639283150434494,0.659506015945226
de,2,6,1399520.625,37823.2421875,0.2049640417098999,0.6636641682125628
de,2,7,1446972.0,35890.06640625,0.1988946795463562,0.6650573876686394
de,2,8,1441646.875,36692.28125,0.21308313310146332,0.6770683587528765
de,2,9,1228202.5,36490.97265625,0.2604079842567444,0.6570192761719227
de,2,10,1306301.875,37403.5625,0.2697962522506714,0.6596247609704733
de,2,11,1164431.25,35491.2890625,0.24661263823509216,0.6675756708718836
de,2,12,1265459.5,36003.96875,0.23258590698242188,0.6663307198323309
de,2,13,1364678.5,36076.09765625,0.2113824486732483,0.668978929053992
de,2,14,1222555.0,36866.7890625,0.20124472677707672,0.6713395710103214
de,2,15,1178734.625,36291.1796875,0.21546570956707,0.6746814730577171
de,2,16,1044621.25,36563.75,0.17619529366493225,0.6806706050410867
de,2,17,1231227.875,36818.8515625,0.187167227268219,0.6704560578800738
de,2,18,1365130.75,36767.7265625,0.21737807989120483,0.6695442381314933
de,2,19,1210969.625,34887.171875,0.21649624407291412,0.6706110518425703
de,2,20,1269593.75,38301.0703125,0.14202842116355896,0.6665997342206538
de,2,21,1434639.25,37323.7890625,0.18484334647655487,0.668136025313288
de,2,22,1078502.75,35539.28515625,0.2530409097671509,0.6676560631021857
de,2,23,1323441.875,38986.2890625,0.23117870092391968,0.6837305687367916
de,2,24,1193906.75,37212.35546875,0.2427581548690796,0.6654981542378664
de,2,25,1299032.25,34989.9609375,0.244986429810524,0.6700961939059198
de,2,26,1401719.75,34849.6796875,0.14294329285621643,0.6713461326435208
de,2,27,1260245.625,36585.52734375,0.2536088228225708,0.6720376051962376
de,2,28,1113211.375,38570.890625,0.21390467882156372,0.6695302613079548
de,2,29,961421.875,35323.5625,0.2629428505897522,0.6686225580051541
qipso,3,0,3783977.25,67894.875,0.22249799966812134,0.7051466223783791
qipso,3,1,4324555.0,67967.625,0.23392926156520844,0.7065321379341185
qipso,3,2,5712105.0,71792.1328125,0.26267093420028687,0.7070753769949079
qipso,3,3,6081431.0,73179.9296875,0.2243298888206482,0.7066681142896414
qipso,3,4,6189925.5,72105.875,0.23978257179260254,0.7055779970251024
qipso,3,5,5918412.0,72387.9453125,0.25075697898864746,0.7046918510459363
qipso,3,6,4946221.0,67388.0,0.2461034208536148,0.7029837151058018
qipso,3,7,6623042.0,70822.5078125,0.2685481011867523,0.7058202931657434
qipso,3,8,3919826.25,66481.984375,0.20594282448291779,0.7131143887527287
qipso,3,9,5524894.5,69629.796875,0.2117418795824051,0.7021280550397933
qipso,3,10,4152711.0,67915.5546875,0.3064418435096741,0.7026146980933845
qipso,3,11,5936840.0,74397.1796875,0.25589311122894287,0.7047912147827446
qipso,3,12,3878419.75,67679.828125,0.26359277963638306,0.7038269466720521
qipso,3,13,6083689.0,71578.9375,0.21774007380008698,0.7130226218141615
qipso,3,14,6258110.0,73103.0703125,0.25042590498924255,0.7189378631301224
qipso,3,15,6572991.0,77418.7890625,0.19924893975257874,0.7067195251584053
qipso,3,16,4367401.0,66742.7890625,0.1660993993282318,0.7074633403681219
qipso,3,17,4196077.0,64708.578125,0.20570454001426697,0.7054041130468249
qipso,3,18,4601923.5,67742.734375,0.22608903050422668,0.7032639901153743
qipso,3,19,5100193.0,69303.5625,0.25207293033599854,0.7093263841234148
qipso,3,20,4891625.0,69794.65625,0.15619216859340668,0.7077370882034302
qipso,3,21,5484471.5,72141.0,0.23311151564121246,0.7174029122106731
qipso,3,22,4633252.0,66937.453125,0.26812291145324707,0.7072731601074338
qipso,3,23,6146275.0,70764.7734375,0.24873079359531403,0.7062277449294925
qipso,3,24,4220533.0,67198.65625,0.21089260280132294,0.7066210303455591
qipso,3,25,4931644.0,67785.734375,0.27282431721687317,0.7103992411866784
qipso,3,26,3581492.75,67701.4453125,0.16570602357387543,0.7082986631430686
qipso,3,27,5187318.0,69253.1796875,0.22756727039813995,0.7101513808593154
qipso,3,28,5891687.0,69093.359375,0.2708994448184967,0.7033837111666799
qipso,3,29,3776159.0,67314.90625,0.24130922555923462,0.7060702862218022
pso,3,0,5277380.0,67963.0703125,0.2288607805967331,0.6306134392507374
pso,3,1,4825755.5,67567.3046875,0.23031918704509735,0.6211862987838686
pso,3,2,7209759.0,72697.0234375,0.26247814297676086,0.6070728399790823
pso,3,3,6578456.0,72245.140625,0.2299019992351532,0.6078775031492114
pso,3,4,6934175.5,73089.1328125,0.23990343511104584,0.6068927668966353
pso,3,5,6940052.0,71103.765625,0.2607792913913727,0.6090913759544492
pso,3,6,7003544.0,68977.828125,0.24365907907485962,0.6103994147852063
pso,3,7,6982830.5,70927.390625,0.2699280381202698,0.6094921417534351
pso,3,8,7233057.0,69443.921875,0.21444310247898102,0.61141298385337
pso,3,9,7122852.0,72051.6875,0.21523305773735046,0.6186220310628414
pso,3,10,5677473.0,67968.3203125,0.3057759702205658,0.6084183431230485
pso,3,11,7869416.5,75462.9140625,0.2607380151748657,0.61172482278198
pso,3,12,4730563.0,66545.234375,0.25714966654777527,0.6117375502362847
pso,3,13,7886199.5,73849.265625,0.21770909428596497,0.6088163810782135
pso,3,14,8219445.5,74755.421875,0.2521646022796631,0.6099142301827669
pso,3,15,7947717.0,75656.0,0.19703692197799683,0.6082677873782814
pso,3,16,5375340.5,67515.34375,0.15707986056804657,0.6189427091740072
pso,3,17,3986954.0,64928.4609375,0.2044234424829483,0.6090205609798431
pso,3,18,4158366.75,64633.19140625,0.22185322642326355,0.6184535347856581
pso,3,19,7767996.0,72863.1171875,0.2481602430343628,0.6139117600396276
pso,3,20,7070990.0,72280.96875,0.1533423811197281,0.6092997696250677
pso,3,21,7411615.0,72397.6875,0.2289336919784546,0.6251899851486087
pso,3,22,6639309.0,69633.296875,0.2641243040561676,0.6149625750258565
pso,3,23,6523048.0,71453.7890625,0.2622959613800049,0.6097838911227882
pso,3,24,6462414.0,69985.28125,0.21680030226707458,0.6155242030508816
pso,3,25,6539047.0,68270.28125,0.2758941054344177,0.6089562037959695
pso,3,26,4388945.0,65206.30078125,0.16120457649230957,0.6159769669175148
pso,3,27,8004178.0,74680.828125,0.2315940409898758,0.6050780159421265
pso,3,28,7400309.5,73247.9140625,0.2817020118236542,0.6107316189445555
pso,3,29,7537210.0,70315.09375,0.24569706618785858,0.6062052389606833
ga,3,0,5640355.0,73884.2421875,0.22746972739696503,0.7088995845988393
ga,3,1,6242232.0,73605.59375,0.23592565953731537,0.7074047331698239
ga,3,2,6345844.0,75986.5703125,0.2564499080181122,0.7087800973095
ga,3,3,6189744.0,73785.0625,0.21345843374729156,0.7086477568373084
ga,3,4,6625957.5,74535.5,0.2308240532875061,0.7081514592282474
ga,3,5,6302329.5,76034.6640625,0.2623474895954132,0.7041552369482815
ga,3,6,6060811.0,73276.15625,0.24725341796875,0.7021381021477282
ga,3,7,6131096.0,75931.2890625,0.27623191475868225,0.6994161559268832
ga,3,8,6049512.0,72982.8125,0.20765595138072968,0.7010901658795774
ga,3,9,6207802.0,77031.5390625,0.21050605177879333,0.7024690578691661
ga,3,10,6419013.0,76681.40625,0.29775911569595337,0.7073296159505844
ga,3,11,6797311.5,75897.796875,0.25894397497177124,0.7054467089474201
ga,3,12,5527721.0,73087.90625,0.2588754892349243,0.6941443630494177
ga,3,13,6172135.0,72604.34375,0.20535561442375183,0.7049428201280534
ga,3,14,6426064.5,77177.3828125,0.2569578289985657,0.7041699620895088
ga,3,15,6246678.0,74833.046875,0.1856938898563385,0.7049605026841164
ga,3,16,6094813.0,74770.140625,0.16269277036190033,0.7045808797702193
ga,3,17,6064837.0,73958.8515625,0.2109721451997757,0.7082594898529351
ga,3,18,5775423.0,70176.828125,0.22003300487995148,0.7017981209792197
ga,3,19,6266441.0,76364.4921875,0.2461169958114624,0.7025112300179899
ga,3,20,6064746.0,73866.796875,0.16686782240867615,0.7028243229724467
ga,3,21,6213344.0,76180.4375,0.24607238173484802,0.7040349189192057
ga,3,22,6059272.0,73663.90625,0.26806968450546265,0.7051256392151117
ga,3,23,6804627.0,74378.984375,0.26671385765075684,0.7069818452000618
ga,3,24,6525594.0,76352.1875,0.22901438176631927,0.7048251559026539
ga,3,25,6399870.5,73223.265625,0.2721424400806427,0.6963805807754397
ga,3,26,5621814.5,73908.359375,0.15721450746059418,0.6979590379633009
ga,3,27,6171376.0,73293.171875,0.22620481252670288,0.7018262823112309
ga,3,28,6578038.0,74967.484375,0.2860347628593445,0.7034223843365908
ga,3,29,6533868.0,76863.1015625,0.2499016374349594,0.702433296944946
de,3,0,4000708.75,53809.9765625,0.20845606923103333,0.653618433047086
de,3,1,4113756.25,60081.609375,0.2384101152420044,0.6550813568755984
de,3,2,3821014.0,57227.671875,0.24972683191299438,0.6541839982382953
de,3,3,3484746.5,57987.28125,0.22518275678157806,0.6506830109283328
de,3,4,3656121.0,56293.859375,0.22982940077781677,0.6496664951555431
de,3,5,3856048.0,54214.8671875,0.25391632318496704,0.6489969124086201
de,3,6,3723445.25,55030.66796875,0.2384776920080185,0.6539423479698598
de,3,7,3810028.75,58522.625,0.27262815833091736,0.6577816498465836
de,3,8,3772467.5,58869.55078125,0.21067112684249878,0.8307641670107841
de,3,9,3887100.75,55884.99609375,0.21175017952919006,0.847063513007015
de,3,10,3616314.25,54838.8984375,0.29035684466362,0.6804316071793437
de,3,11,3761439.25,54619.7578125,0.25977951288223267,0.6778067429549992
de,3,12,3843969.5,59311.625,0.24573466181755066,0.6553222737275064
de,3,13,3772084.25,59200.6875,0.22687071561813354,0.6819466189481318
de,3,14,3809232.25,54341.5625,0.23693019151687622,0.6917462041601539
de,3,15,4325147.0,59298.91796875,0.19756220281124115,0.6550857252441347
de,3,16,4046860.0,57818.609375,0.15322190523147583,0.6772675616666675
de,3,17,3609584.75,58283.4453125,0.20902501046657562,0.6762115531601012
de,3,18,3997578.25,58045.2265625,0.22799670696258545,0.8487584348767996
de,3,19,3608293.0,58891.17578125,0.24619799852371216,0.8683720980770886
de,3,20,3905031.0,54768.03125,0.1606193631887436,0.8713613040745258
de,3,21,3772955.0,57390.78515625,0.22110392153263092,0.8735495740547776
de,3,22,4258700.0,55771.421875,0.2615533173084259,0.8725342308171093
de,3,23,4176282.75,59506.2578125,0.26144102215766907,0.8712364048697054
de,3,24,3665105.75,57778.19921875,0.22001539170742035,0.8688675216399133
de,3,25,3684874.0,56892.55078125,0.2808211147785187,0.8665193472988904
de,3,26,3713856.5,53354.9921875,0.15279096364974976,0.8697101706638932
de,3,27,4017225.25,56443.84765625,0.21878767013549805,0.8665267219766974
de,3,28,3734077.0,55843.1796875,0.27152401208877563,0.868100443854928
de,3,29,4261648.0,60296.1015625,0.24243338406085968,0.8678983082063496
qipso,4,0,10749766.0,95852.8359375,0.23993751406669617,0.877805233001709
qipso,4,1,11417028.0,98418.4375,0.27803152799606323,0.7087087170220912
qipso,4,2,11912180.0,100432.9765625,0.29137250781059265,0.7099831681698561
qipso,4,3,11314347.0,101907.859375,0.21104466915130615,0.7079166942276061
qipso,4,4,12059444.0,99353.109375,0.20673589408397675,0.7070228368975222
qipso,4,5,11238040.0,99905.9296875,0.15628646314144135,0.7074003638699651
qipso,4,6,10298113.0,95929.421875,0.22063620388507843,0.7060550493188202
qipso,4,7,11104058.0,94698.484375,0.2352554351091385,0.7043787487782538
qipso,4,8,11559148.0,98999.953125,0.18803682923316956,0.7015390889719129
qipso,4,9,10046308.0,94973.796875,0.21331746876239777,0.7037668689154088
qipso,4,10,9090350.0,90660.3046875,0.2840351462364197,0.7048734482377768
qipso,4,11,10962296.0,98055.046875,0.25490593910217285,0.704408529214561
qipso,4,12,10195996.0,93373.6015625,0.22769634425640106,0.7032537828199565
qipso,4,13,10575503.0,102296.6328125,0.21438467502593994,0.7055060630664229
qipso,4,14,9856320.0,97123.265625,0.23936492204666138,0.7307544718496501
qipso,4,15,10162709.0,95041.953125,0.2187172919511795,0.7066523660905659
qipso,4,16,11686235.0,95762.71875,0.1853557825088501,0.7079963451251388
qipso,4,17,10401936.0,96532.421875,0.20773816108703613,0.7085336530581117
qipso,4,18,11525867.0,95698.890625,0.24669910967350006,0.7046890547499061
qipso,4,19,11234788.0,97483.515625,0.2962210774421692,0.7059707478620112
qipso,4,20,10427456.0,94977.203125,0.1350173056125641,0.7042472078464925
qipso,4,21,11060822.0,101619.203125,0.22320590913295746,0.7051175092346966
qipso,4,22,10891396.0,97001.421875,0.2637660503387451,0.7060729721561074
qipso,4,23,11562454.0,100818.671875,0.24766092002391815,0.7063382929190993
qipso,4,24,10904967.0,97297.203125,0.251541405916214,0.700498809106648
qipso,4,25,10810518.0,97898.3125,0.2828768491744995,0.7039245571941137
qipso,4,26,11092836.0,98833.71875,0.15437203645706177,0.7066039629280567
qipso,4,27,11139572.0,99941.8359375,0.25997263193130493,0.7050661048851907
qipso,4,28,11330203.0,99862.9375,0.27193138003349304,0.7059326018206775
qipso,4,29,9982700.0,94159.2265625,0.21511238813400269,0.7091313498094678
pso,4,0,12163156.0,96999.7578125,0.24099259078502655,0.6246332777664065
pso,4,1,12395202.0,99840.125,0.27625250816345215,0.6224869582802057
pso,4,2,13183176.0,100330.890625,0.28450530767440796,0.622062305919826
pso,4,3,12720422.0,102809.421875,0.20756644010543823,0.6174149918369949
pso,4,4,13343856.0,99710.9609375,0.2023889422416687,0.6216692025773227
pso,4,5,13022514.0,102721.1875,0.1635185033082962,0.623527109157294
pso,4,6,12414150.0,96892.03125,0.2249598205089569,0.619529228657484
pso,4,7,12141714.0,97635.65625,0.23535433411598206,0.6212260969914496
pso,4,8,12933606.0,101077.078125,0.18803276121616364,0.6216091047972441
pso,4,9,11858348.0,94822.515625,0.21813122928142548,0.6252819770015776
pso,4,10,11787890.0,94845.890625,0.2971009314060211,0.6256390600465238
pso,4,11,13071282.0,102424.6796875,0.2642655074596405,0.6206806320697069
pso,4,12,11676965.0,94564.90625,0.23543544113636017,0.6219657440669835
pso,4,13,12360779.0,98947.1015625,0.20522384345531464,0.6251755356788635
pso,4,14,12187200.0,94894.78125,0.24215152859687805,0.6313221286982298
pso,4,15,12046216.0,96144.6953125,0.2182701975107193,0.6246375520713627
pso,4,16,13402367.0,97251.359375,0.17964769899845123,0.6231538979336619
pso,4,17,12614436.0,96439.71875,0.2047438621520996,0.6235088380053639
pso,4,18,12039538.0,96644.84375,0.2504388093948364,0.6244629598222673
pso,4,19,12351954.0,96018.4375,0.2972179055213928,0.6213433616794646
pso,4,20,12433096.0,94518.328125,0.13384337723255157,0.6201833100058138
pso,4,21,13038276.0,100987.9375,0.22344499826431274,0.6236039809882641
pso,4,22,12163848.0,96882.046875,0.2637454569339752,0.6261617462150753
pso,4,23,13439226.0,99816.703125,0.24281632900238037,0.6243311921134591
pso,4,24,12223964.0,95783.3828125,0.24744147062301636,0.6233301949687302
pso,4,25,12249942.0,98955.984375,0.26750826835632324,0.6242672200314701
pso,4,26,11910690.0,98844.578125,0.14923730492591858,0.6226546228863299
pso,4,27,13195592.0,100141.21875,0.2547416388988495,0.6227868972346187
pso,4,28,12579947.0,99461.9609375,0.27320462465286255,0.6201893580146134
pso,4,29,13523822.0,98461.2265625,0.2200462967157364,0.6243131686933339
ga,4,0,10465001.0,100803.609375,0.2572627663612366,0.7224928173236549
ga,4,1,11184647.0,104842.5234375,0.27837446331977844,0.7182892556302249
ga,4,2,12084028.0,111467.96875,0.2955445349216461,0.7260866230353713
ga,4,3,11898600.0,107905.15625,0.21716150641441345,0.7259951019659638
ga,4,4,12331600.0,106840.1015625,0.21174529194831848,0.7272640042938292
ga,4,5,11203530.0,106817.9765625,0.18010912835597992,0.7252627308480442
ga,4,6,10767268.0,100065.2265625,0.22042514383792877,0.7271717279218137
ga,4,7,11883419.0,100431.296875,0.22357143461704254,0.726600275374949
ga,4,8,11624308.0,101800.34375,0.19719338417053223,0.7273036222904921
ga,4,9,10702330.0,101747.453125,0.2217584252357483,0.7259710789658129
ga,4,10,10937072.0,97455.640625,0.28636738657951355,0.7232734728604555
ga,4,11,11284364.0,106839.78125,0.27525174617767334,0.7268113610334694
ga,4,12,11132924.0,100157.34375,0.23038636147975922,0.7260116878896952
ga,4,13,10881437.0,101535.125,0.2053120732307434,0.7273564138449728
ga,4,14,11764172.0,99378.796875,0.2453317940235138,0.7271873047575355
ga,4,15,10764922.0,103200.28125,0.22190949320793152,0.7271279958076775
ga,4,16,12813259.0,109777.4765625,0.17252466082572937,0.7235132711939514
ga,4,17,11538722.0,100987.328125,0.20262625813484192,0.7214806149713695
ga,4,18,11645224.0,104160.3046875,0.2355949431657791,0.7225568448193371
ga,4,19,10949126.0,102582.9140625,0.30440279841423035,0.7218348733149469
ga,4,20,11634264.0,100591.25,0.13866285979747772,0.7268695347011089
ga,4,21,11600780.0,102419.8828125,0.23489829897880554,0.7264649393036962
ga,4,22,10338638.0,100215.09375,0.25643035769462585,0.7261482416652143
ga,4,23,12069502.0,106668.90625,0.24266639351844788,0.7279350678436458
ga,4,24,11398228.0,104103.15625,0.25922220945358276,0.7266459241509438
ga,4,25,10991270.0,99787.0625,0.27679014205932617,0.7233763029798865
ga,4,26,11929614.0,102772.765625,0.1540808230638504,0.7192088491283357
ga,4,27,12243280.0,106759.1875,0.25814178586006165,0.7241250518709421
ga,4,28,10709586.0,99819.34375,0.2816801071166992,0.7204268840141594
ga,4,29,11613169.0,104153.5,0.22079120576381683,0.7257377351634204
de,4,0,8121515.0,77745.6328125,0.24037426710128784,0.6712091248482466
de,4,1,8002021.5,77936.28125,0.27973341941833496,0.6732540233060718
de,4,2,7943416.0,78382.8828125,0.3011623024940491,0.6725603616796434
de,4,3,8203075.5,77549.7734375,0.206010639667511,0.6727735227905214
de,4,4,8754850.0,83653.8671875,0.20646701753139496,0.6717700241133571
de,4,5,8151230.0,76454.796875,0.19597622752189636,0.6734676691703498
de,4,6,7837770.0,82065.75,0.23418349027633667,0.6733290506526828
de,4,7,8298784.5,77539.0390625,0.22991013526916504,0.6795096816495061
de,4,8,8346835.5,77905.53125,0.19309094548225403,0.6747301779687405
de,4,9,8603041.0,74896.9375,0.21818634867668152,0.6748593803495169
de,4,10,8159624.5,73971.015625,0.28672951459884644,0.6654107547365129
de,4,11,7763591.0,77929.28125,0.2802402973175049,0.6648163860663772
de,4,12,7713938.0,79525.9921875,0.21008805930614471,0.6667602900415659
de,4,13,7512998.5,78940.71875,0.1967983841896057,0.6680448353290558
de,4,14,7882234.0,74288.28125,0.23801828920841217,0.6635185247287154
de,4,15,8169471.0,77694.3984375,0.21820734441280365,0.6595388483256102
de,4,16,9462024.0,79081.234375,0.18157151341438293,0.662003424949944
de,4,17,7660270.5,75317.234375,0.195451557636261,0.6648412919603288
de,4,18,8936724.0,80307.515625,0.25821805000305176,0.6653986289165914
de,4,19,8438654.0,79868.5390625,0.30869632959365845,0.6624492621049285
de,4,20,7828279.5,77372.453125,0.14175015687942505,0.6634088293649256
de,4,21,7375571.5,76985.90625,0.21492283046245575,0.6612980840727687
de,4,22,8184202.5,77150.4765625,0.25385811924934387,0.6597205898724496
de,4,23,7947506.0,79636.015625,0.2540779113769531,0.6581827220506966
de,4,24,8529524.0,79671.5390625,0.2504268288612366,0.6603346336632967
de,4,25,7627210.0,77449.015625,0.27694717049598694,0.6592681240290403
de,4,26,7197041.0,78002.609375,0.1454266607761383,0.6595272538252175
de,4,27,7797856.5,79060.1015625,0.2442222535610199,0.6710762958973646
de,4,28,8266431.0,79280.875,0.2655024528503418,0.8088415539823472
de,4,29,7961069.0,73021.703125,0.21984446048736572,0.818389724008739
