theta_frac_pi,w,seed,best_cost,wall_time_s
0.01,0.4,0,50624.53125,0.5777566521428525
0.01,0.4,1,56548.90625,0.5622739568352699
0.01,0.4,2,58027.421875,0.5604333928786218
0.01,0.4,3,52756.84375,0.5630241548642516
0.01,0.4,4,52869.67578125,0.5635313522070646
0.01,0.5,0,49479.921875,0.5626876899041235
0.01,0.5,1,56834.5078125,0.5609876122325659
0.01,0.5,2,57360.609375,0.5602974630892277
0.01,0.5,3,52711.62109375,0.5609992668032646
0.01,0.5,4,52276.53125,0.5573313171043992
0.01,0.6,0,49526.328125,0.5574504658579826
0.01,0.6,1,56563.33984375,0.557292693760246
0.01,0.6,2,57773.25,0.5596442329697311
0.01,0.6,3,52317.8671875,0.5572776733897626
0.01,0.6,4,51602.625,0.5599207589402795
0.01,0.7,0,49692.33984375,0.5538200102746487
0.01,0.7,1,57021.6875,0.5604404248297215
0.01,0.7,2,57464.95703125,0.5644352179951966
0.01,0.7,3,53030.5234375,0.5672148889862001
0.01,0.7,4,52141.5859375,0.5570800239220262
0.01,0.8,0,352395.1875,0.5538419028744102
0.01,0.8,1,911008.9375,0.5529207880608737
0.01,0.8,2,998110.375,0.5511208628304303
0.01,0.8,3,1094030.875,0.5528674917295575
0.01,0.8,4,734220.375,0.5610662610270083
0.01,0.9,0,844160.1875,0.5495058028027415
0.01,0.9,1,1081241.375,0.5505828927271068
0.01,0.9,2,1093031.125,0.5468669510446489
0.01,0.9,3,1270562.0,0.5446592010557652
0.01,0.9,4,1030452.8125,0.5430022291839123
0.03,0.4,0,50377.97265625,0.560641068033874
0.03,0.4,1,56340.0546875,0.557156533934176
0.03,0.4,2,57392.2890625,0.5661110789515078
0.03,0.4,3,51992.953125,0.5706883319653571
0.03,0.4,4,52209.8984375,0.5683363769203424
0.03,0.5,0,49728.0390625,0.5677171992138028
0.03,0.5,1,56845.8828125,0.5694082099944353
0.03,0.5,2,57358.69140625,0.5678549990989268
0.03,0.5,3,52883.34375,0.5681494418531656
0.03,0.5,4,52553.859375,0.566354847047478
0.03,0.6,0,47924.8359375,0.5572270900011063
0.03,0.6,1,56850.8828125,0.5585411260835826
0.03,0.6,2,57839.484375,0.5595050808042288
0.03,0.6,3,52424.734375,0.5567536908201873
0.03,0.6,4,52756.42578125,0.5564751252532005
0.03,0.7,0,49526.6171875,0.5526226949878037
0.03,0.7,1,57295.05859375,0.5505188191309571
0.03,0.7,2,59465.98046875,0.5517536201514304
0.03,0.7,3,53943.19921875,0.5540761570446193
0.03,0.7,4,52799.32421875,0.5517156859859824
0.03,0.8,0,254364.84375,0.5543270399793983
0.03,0.8,1,845814.5625,0.5509588308632374
0.03,0.8,2,926764.375,0.5513338828459382
0.03,0.8,3,788534.8125,0.5523629263043404
0.03,0.8,4,569151.5,0.5553462351672351
0.03,0.9,0,844160.1875,0.5452009658329189
0.03,0.9,1,1081241.375,0.5505901998840272
0.03,0.9,2,1093031.125,0.5502690188586712
0.03,0.9,3,1270562.0,0.5490650511346757
0.03,0.9,4,1030452.8125,0.5493459450080991
0.05,0.4,0,49884.41015625,0.5611088681034744
0.05,0.4,1,56778.765625,0.5614967769943178
0.05,0.4,2,57071.1796875,0.5604048729874194
0.05,0.4,3,52198.60546875,0.5616259733214974
0.05,0.4,4,52847.07421875,0.5608871509321034
0.05,0.5,0,49984.51953125,0.5587128247134387
0.05,0.5,1,57439.3671875,0.5621014982461929
0.05,0.5,2,56072.2578125,0.5566843547858298
0.05,0.5,3,53505.7421875,0.5603135279379785
0.05,0.5,4,51822.49609375,0.5585573436692357
0.05,0.6,0,49819.640625,0.557902310974896
0.05,0.6,1,57130.546875,0.5576797910034657
0.05,0.6,2,57488.16015625,0.5574276191182435
0.05,0.6,3,51680.89453125,0.5579418819397688
0.05,0.6,4,52302.16796875,0.5571570619940758
0.05,0.7,0,50768.421875,0.5548615003935993
0.05,0.7,1,57849.046875,0.5537434578873217
0.05,0.7,2,57884.48046875,0.5544918142259121
0.05,0.7,3,52520.28515625,0.5564356930553913
0.05,0.7,4,52411.203125,0.5548780662938952
0.05,0.8,0,303554.3125,0.5588105078786612
0.05,0.8,1,798030.625,0.5515975342132151
0.05,0.8,2,829624.125,0.5578169007785618
0.05,0.8,3,767483.0,0.5527483951300383
0.05,0.8,4,443413.96875,0.565666631795466
0.05,0.9,0,844160.1875,0.5523653929121792
0.05,0.9,1,1081241.375,0.556334849447012
0.05,0.9,2,1093031.125,0.5519884126260877
0.05,0.9,3,1270562.0,0.543106637429446
0.05,0.9,4,1030452.8125,0.5436344682238996
0.08,0.4,0,50046.0546875,0.5555990850552917
0.08,0.4,1,56488.3359375,0.5569880860857666
0.08,0.4,2,57247.48828125,0.5564806149341166
0.08,0.4,3,53166.33984375,0.5613099397160113
0.08,0.4,4,52152.91796875,0.5569276669993997
0.08,0.5,0,48562.0625,0.55736577603966
0.08,0.5,1,56716.1171875,0.5567232933826745
0.08,0.5,2,56808.9921875,0.5554137099534273
0.08,0.5,3,52662.140625,0.5566284828819335
0.08,0.5,4,51934.96484375,0.5565419499762356
0.08,0.6,0,50202.2578125,0.5571997310034931
0.08,0.6,1,57086.11328125,0.5561195621266961
0.08,0.6,2,58112.9921875,0.558436986990273
0.08,0.6,3,52017.7109375,0.5549415820278227
0.08,0.6,4,51295.4765625,0.5565639440901577
0.08,0.7,0,52583.32421875,0.5530942529439926
0.08,0.7,1,58680.6796875,0.561538266018033
0.08,0.7,2,57845.5859375,0.5582227068953216
0.08,0.7,3,55683.90234375,0.555632930714637
0.08,0.7,4,52611.37109375,0.5512398965656757
0.08,0.8,0,160648.96875,0.554857247043401
0.08,0.8,1,689052.9375,0.5546673736535013
0.08,0.8,2,707745.625,0.5527002806775272
0.08,0.8,3,713679.9375,0.5595862427726388
0.08,0.8,4,498878.375,0.5575446747243404
0.08,0.9,0,844160.1875,0.547473968937993
0.08,0.9,1,1081241.375,0.545555486343801
0.08,0.9,2,1093031.125,0.545998910907656
0.08,0.9,3,1270562.0,0.5452450849115849
0.08,0.9,4,1030452.8125,0.5489441496320069
0.12,0.4,0,50511.04296875,0.5596029763109982
0.12,0.4,1,56831.42578125,0.5575208831578493
0.12,0.4,2,57629.41015625,0.5582977952435613
0.12,0.4,3,53937.41796875,0.5595800667069852
0.12,0.4,4,52761.08984375,0.5564445122145116
0.12,0.5,0,50079.8671875,0.5574877168983221
0.12,0.5,1,57102.44140625,0.5564931333065033
0.12,0.5,2,56970.1328125,0.555071942973882
0.12,0.5,3,52856.63671875,0.5616310178302228
0.12,0.5,4,52864.6953125,0.5638565612025559
0.12,0.6,0,50212.32421875,0.5552988229319453
0.12,0.6,1,56989.453125,0.5641962941735983
0.12,0.6,2,57397.28125,0.5595455979928374
0.12,0.6,3,51577.86328125,0.5599636668339372
0.12,0.6,4,52817.6953125,0.5603273035958409
0.12,0.7,0,50458.4296875,0.556611058767885
0.12,0.7,1,60097.3515625,0.5551765621639788
0.12,0.7,2,59770.21875,0.5543020539917052
0.12,0.7,3,55107.4921875,0.5580647429451346
0.12,0.7,4,54968.140625,0.5540973809547722
0.12,0.8,0,539806.4375,0.5591672202572227
0.12,0.8,1,501274.1875,0.5547995981760323
0.12,0.8,2,531605.0,0.552868421189487
0.12,0.8,3,852078.375,0.5513971038162708
0.12,0.8,4,565371.0625,0.5513131548650563
0.12,0.9,0,844160.1875,0.5457090218551457
0.12,0.9,1,1081241.375,0.5454127578996122
0.12,0.9,2,1093031.125,0.5502461493015289
0.12,0.9,3,1270562.0,0.5444734999909997
0.12,0.9,4,1030452.8125,0.5512745548039675
0.2,0.4,0,49309.515625,0.5583056262694299
0.2,0.4,1,57207.96875,0.5580758401192725
0.2,0.4,2,58830.86328125,0.5565605526790023
0.2,0.4,3,53265.17578125,0.5577561538666487
0.2,0.4,4,52543.671875,0.5556418648920953
0.2,0.5,0,50473.37109375,0.5557603486813605
0.2,0.5,1,58661.734375,0.5609547048807144
0.2,0.5,2,58008.09375,0.5579800801351666
0.2,0.5,3,52585.81640625,0.5586881143972278
0.2,0.5,4,52829.4765625,0.5573775521479547
0.2,0.6,0,48411.13671875,0.5563187110237777
0.2,0.6,1,57556.13671875,0.5551812811754644
0.2,0.6,2,58879.4140625,0.5547104859724641
0.2,0.6,3,52438.80859375,0.5572956530377269
0.2,0.6,4,52942.5625,0.5545983677729964
0.2,0.7,0,50905.5,0.5561035159043968
0.2,0.7,1,58643.3046875,0.5496917557902634
0.2,0.7,2,57498.05859375,0.5546906781382859
0.2,0.7,3,55784.72265625,0.5517413839697838
0.2,0.7,4,57505.4296875,0.5508090052753687
0.2,0.8,0,704393.25,0.5488606719300151
0.2,0.8,1,491986.375,0.5519249141216278
0.2,0.8,2,538007.0,0.5513224550522864
0.2,0.8,3,889066.625,0.55062942719087
0.2,0.8,4,607919.0625,0.5561078214086592
0.2,0.9,0,844160.1875,0.5457976912148297
0.2,0.9,1,1081241.375,0.5473318598233163
0.2,0.9,2,1093031.125,0.5482849730178714
0.2,0.9,3,1270562.0,0.5481224651448429
0.2,0.9,4,1030452.8125,0.5491231409832835
